obsmjd,mag_autocorr,magerr_auto,oid,ra,dec,fid,transient_flag,astrometricrms,nobs,ngoodobs,nbestobs,referencemag,referencemagerr,medianmag,bestmedianmag,meanmag,bestmeanmag,magrms,bestmagrms,sid,s_ra,s_dec,ptffield,ccdid,hmjd,nid,mag_auto,limitmag,absphotzp,fwhmsex,fwhm_image,qaflags,flags,photcalflag,goodflag,pid,dist,angle,ROW_IDX,ROW_NUM
55714.356187200000,14.642000000000000,0.026000000000000000,1000821060000957,233.96836400000000,57.902648000000000,1,0,1.530369E-07,172,171,158,14.641,0.0080000000000000000,14.672000000000000,14.672000000000000,14.645,14.643000000000000,0.17100000000000000,0.16900000000000000,9636406001971,233.968378,57.902651000000000,100082,6,55714.3570272,812,14.642000000000000,21.476000000000000,27.782,3.25,3.746,0,131072,0,1,9636406,0.054203000000000000,57.899049000000000,0,0
55804.185787200000,14.443000000000000,0.026000000000000000,1000821060000957,233.96836400000000,57.902648000000000,1,0,1.530369E-07,172,171,158,14.641,0.0080000000000000000,14.672000000000000,14.672000000000000,14.645,14.643000000000000,0.17100000000000000,0.16900000000000000,10461517002189,233.968384,57.902650000000000,100082,6,55804.1844172,902,14.455000000000000,21.589000000000000,27.747,2.45,2.879,0,131072,0,1,10461517,0.054203000000000000,57.899049000000000,1,1
55649.306537200000,14.680000000000000,0.026000000000000000,1000821060000957,233.96836400000000,57.902648000000000,1,0,1.530369E-07,172,171,158,14.641,0.0080000000000000000,14.672000000000000,14.672000000000000,14.645,14.643000000000000,0.17100000000000000,0.16900000000000000,9989776001796,233.968362,57.902645000000000,100082,6,55649.3081872,747,14.668000000000000,21.490000000000000,27.713,3.25,3.794,0,131072,0,1,9989776,0.054203000000000000,57.899049000000000,2,2
55685.400227200000,14.684000000000000,0.022000000000000000,1000821060000957,233.96836400000000,57.902648000000000,1,0,1.530369E-07,172,171,158,14.641,0.0080000000000000000,14.672000000000000,14.672000000000000,14.645,14.643000000000000,0.17100000000000000,0.16900000000000000,14322455002369,233.968359,57.902652000000000,100082,6,55685.4016372,783,14.687000000000000,21.867000000000000,27.776,2.25,2.733,0,131072,1,1,14322455,0.054203000000000000,57.899049000000000,3,3
55662.498057200000,14.636000000000000,0.068000000000000000,1000821060000957,233.96836400000000,57.902648000000000,1,0,1.530369E-07,172,171,158,14.641,0.0080000000000000000,14.672000000000000,14.672000000000000,14.645,14.643000000000000,0.17100000000000000,0.16900000000000000,10034568001870,233.968381,57.902641000000000,100082,6,55662.4996872,760,14.617000000000000,21.271000000000000,27.796,4.05,4.556,0,131072,0,1,10034568,0.054203000000000000,57.899049000000000,4,4
55800.207827200000,14.488000000000000,0.166000000000000000,1000821060000957,233.96836400000000,57.902648000000000,1,0,1.530369E-07,172,171,158,14.641,0.0080000000000000000,14.672000000000000,14.672000000000000,14.645,14.643000000000000,0.17100000000000000,0.16900000000000000,10407339001992,233.968368,57.902653000000000,100082,6,55800.2065272,898,14.562000000000000,21.403000000000000,27.608,2.25,2.628,0,131072,0,1,10407339,0.054203000000000000,57.899049000000000,5,5
55829.120297200000,14.379000000000000,0.028000000000000000,1000821060000957,233.96836400000000,57.902648000000000,1,0,1.530369E-07,172,171,158,14.641,0.0080000000000000000,14.672000000000000,14.672000000000000,14.645,14.643000000000000,0.17100000000000000,0.16900000000000000,10536215001900,233.968364,57.902658000000000,100082,6,55829.1186672,927,14.397000000000000,21.327000000000000,27.717,2.65,2.985,0,131072,0,1,10536215,0.054203000000000000,57.899049000000000,6,6
54975.403787200000,14.774000000000000,0.029000000000000000,1000821060000957,233.96836400000000,57.902648000000000,1,0,1.530369E-07,172,171,158,14.641,0.0080000000000000000,14.672000000000000,14.672000000000000,14.645,14.643000000000000,0.17100000000000000,0.16900000000000000,12108866002338,233.968391,57.902642000000000,100082,6,54975.4048172,94,14.744000000000000,21.686000000000000,27.376,2.75,3.246,0,131072,0,1,12108866,0.054203000000000000,57.899049000000000,7,7
55713.200857200000,14.650000000000000,0.335000000000000000,1000821060000957,233.96836400000000,57.902648000000000,1,0,1.530369E-07,172,171,158,14.641,0.0080000000000000000,14.672000000000000,14.672000000000000,14.645,14.643000000000000,0.17100000000000000,0.16900000000000000,9624606002291,233.968340,57.902647000000000,100082,6,55713.2017172,811,14.141000000000000,21.178000000000000,27.273,2.55,3.003,0,131072,0,1,9624606,0.054203000000000000,57.899049000000000,8,8
55687.345157200000,14.691000000000000,0.024000000000000000,1000821060000957,233.96836400000000,57.902648000000000,1,0,1.530369E-07,172,171,158,14.641,0.0080000000000000000,14.672000000000000,14.672000000000000,14.645,14.643000000000000,0.17100000000000000,0.16900000000000000,14305378002366,233.968370,57.902654000000000,100082,6,55687.3465372,785,14.688000000000000,21.748000000000000,27.707,2.45,2.885,0,131072,1,1,14305378,0.054203000000000000,57.899049000000000,9,9
55829.166597200000,14.386000000000000,0.028000000000000000,1000821060000957,233.96836400000000,57.902648000000000,1,0,1.530369E-07,172,171,158,14.641,0.0080000000000000000,14.672000000000000,14.672000000000000,14.645,14.643000000000000,0.17100000000000000,0.16900000000000000,10536255001869,233.968377,57.902653000000000,100082,6,55829.1649672,927,14.394000000000000,21.246000000000000,27.663,2.65,3.141,0,131072,0,1,10536255,0.054203000000000000,57.899049000000000,10,10
55713.244547200000,14.699000000000000,0.335000000000000000,1000821060000957,233.96836400000000,57.902648000000000,1,0,1.530369E-07,172,171,158,14.641,0.0080000000000000000,14.672000000000000,14.672000000000000,14.645,14.643000000000000,0.17100000000000000,0.16900000000000000,9624531000861,233.968376,57.902638000000000,100082,6,55713.2454072,811,16.243000000000000,20.987000000000000,27.313,2.25,2.742,0,131072,0,1,9624531,0.054203000000000000,57.899049000000000,11,11
55685.357157200000,14.681000000000000,0.022000000000000000,1000821060000957,233.96836400000000,57.902648000000000,1,0,1.530369E-07,172,171,158,14.641,0.0080000000000000000,14.672000000000000,14.672000000000000,14.645,14.643000000000000,0.17100000000000000,0.16900000000000000,14322428002381,233.968348,57.902644000000000,100082,6,55685.3585572,783,14.672000000000000,21.786000000000000,27.780,2.45,2.953,0,131072,1,1,14322428,0.054203000000000000,57.899049000000000,12,12
55835.152317200000,14.415000000000000,0.033000000000000000,1000821060000957,233.96836400000000,57.902648000000000,1,0,1.530369E-07,172,171,158,14.641,0.0080000000000000000,14.672000000000000,14.672000000000000,14.645,14.643000000000000,0.17100000000000000,0.16900000000000000,10592455001860,233.968373,57.902649000000000,100082,6,55835.1506672,933,14.444000000000000,21.181000000000000,27.631,2.45,2.810,0,131072,0,1,10592455,0.054203000000000000,57.899049000000000,13,13
55632.263437200000,14.586000000000000,0.091000000000000000,1000821060000957,233.96836400000000,57.902648000000000,1,0,1.530369E-07,172,171,158,14.641,0.0080000000000000000,14.672000000000000,14.672000000000000,14.645,14.643000000000000,0.17100000000000000,0.16900000000000000,9966613001242,233.968310,57.902654000000000,100082,6,55632.2649972,730,14.514000000000000,20.388000000000000,27.579,4.35,4.901,0,131072,0,1,9966613,0.054203000000000000,57.899049000000000,14,14
55717.317277200000,14.658000000000000,0.023000000000000000,1000821060000957,233.96836400000000,57.902648000000000,1,0,1.530369E-07,172,171,158,14.641,0.0080000000000000000,14.672000000000000,14.672000000000000,14.645,14.643000000000000,0.17100000000000000,0.16900000000000000,10663266002390,233.968371,57.902646000000000,100082,6,55717.3180472,815,14.656000000000000,21.726000000000000,27.837,2.75,3.164,0,131072,1,1,10663266,0.054203000000000000,57.899049000000000,15,15
54917.399097200000,14.907000000000000,0.044000000000000000,1000821060000957,233.96836400000000,57.902648000000000,1,0,1.530369E-07,172,171,158,14.641,0.0080000000000000000,14.672000000000000,14.672000000000000,14.645,14.643000000000000,0.17100000000000000,0.16900000000000000,12281149001818,233.968354,57.902643000000000,100082,6,54917.4007472,31,14.868000000000000,21.338000000000000,27.377,3.55,4.278,0,131072,0,1,12281149,0.054203000000000000,57.899049000000000,16,16
55631.259967200000,14.626000000000000,0.021000000000000000,1000821060000957,233.96836400000000,57.902648000000000,1,0,1.530369E-07,172,171,158,14.641,0.0080000000000000000,14.672000000000000,14.672000000000000,14.645,14.643000000000000,0.17100000000000000,0.16900000000000000,9942044001741,233.968284,57.902659000000000,100082,6,55631.2615072,729,14.604000000000000,20.944000000000000,27.617,2.95,3.421,0,131072,0,1,9942044,0.054203000000000000,57.899049000000000,17,17
54918.450927200000,14.907000000000000,0.023000000000000000,1000821060000957,233.96836400000000,57.902648000000000,1,0,1.530369E-07,172,171,158,14.641,0.0080000000000000000,14.672000000000000,14.672000000000000,14.645,14.643000000000000,0.17100000000000000,0.16900000000000000,12282323002053,233.968353,57.902644000000000,100082,6,54918.4525772,30,14.891000000000000,21.574000000000000,27.454,2.95,3.620,0,131072,0,1,12282323,0.054203000000000000,57.899049000000000,18,18
54975.306567200000,14.764000000000000,0.029000000000000000,1000821060000957,233.96836400000000,57.902648000000000,1,0,1.530369E-07,172,171,158,14.641,0.0080000000000000000,14.672000000000000,14.672000000000000,14.645,14.643000000000000,0.17100000000000000,0.16900000000000000,12108923002397,233.968368,57.902646000000000,100082,6,54975.3075972,94,14.727000000000000,21.750000000000000,27.395,2.65,3.174,0,131072,0,1,12108923,0.054203000000000000,57.899049000000000,19,19
55688.387967200000,14.687000000000000,0.023000000000000000,1000821060000957,233.96836400000000,57.902648000000000,1,0,1.530369E-07,172,171,158,14.641,0.0080000000000000000,14.672000000000000,14.672000000000000,14.645,14.643000000000000,0.17100000000000000,0.16900000000000000,12690597002320,233.968367,57.902645000000000,100082,6,55688.3893272,786,14.688000000000000,21.876000000000000,27.758,2.55,3.147,0,131072,1,1,12690597,0.054203000000000000,57.899049000000000,20,20
55630.289807200000,14.628000000000000,0.042000000000000000,1000821060000957,233.96836400000000,57.902648000000000,1,0,1.530369E-07,172,171,158,14.641,0.0080000000000000000,14.672000000000000,14.672000000000000,14.645,14.643000000000000,0.17100000000000000,0.16900000000000000,9940572001816,233.968303,57.902651000000000,100082,6,55630.2913372,728,14.599000000000000,21.165000000000000,27.617,2.95,3.493,0,131072,0,1,9940572,0.054203000000000000,57.899049000000000,21,21
55629.340427200000,14.616000000000000,0.028000000000000000,1000821060000957,233.96836400000000,57.902648000000000,1,0,1.530369E-07,172,171,158,14.641,0.0080000000000000000,14.672000000000000,14.672000000000000,14.645,14.643000000000000,0.17100000000000000,0.16900000000000000,9935557001958,233.968330,57.902656000000000,100082,6,55629.3419472,727,14.574000000000000,21.342000000000000,27.713,3.15,3.738,0,131072,0,1,9935557,0.054203000000000000,57.899049000000000,22,22
55827.123677200000,14.362000000000000,0.035000000000000000,1000821060000957,233.96836400000000,57.902648000000000,1,0,1.530369E-07,172,171,158,14.641,0.0080000000000000000,14.672000000000000,14.672000000000000,14.645,14.643000000000000,0.17100000000000000,0.16900000000000000,10533869001987,233.968372,57.902651000000000,100082,6,55827.1220572,925,14.333000000000000,21.377000000000000,27.638,2.35,2.667,0,131072,0,1,10533869,0.054203000000000000,57.899049000000000,23,23
55796.222917200000,14.472000000000000,0.024000000000000000,1000821060000957,233.96836400000000,57.902648000000000,1,0,1.530369E-07,172,171,158,14.641,0.0080000000000000000,14.672000000000000,14.672000000000000,14.645,14.643000000000000,0.17100000000000000,0.16900000000000000,10398794002203,233.968373,57.902648000000000,100082,6,55796.2216872,894,14.476000000000000,21.581000000000000,27.712,2.35,2.643,0,131072,0,1,10398794,0.054203000000000000,57.899049000000000,24,24
55720.265927200000,14.657000000000000,0.027000000000000000,1000821060000957,233.96836400000000,57.902648000000000,1,0,1.530369E-07,172,171,158,14.641,0.0080000000000000000,14.672000000000000,14.672000000000000,14.645,14.643000000000000,0.17100000000000000,0.16900000000000000,9672289002033,233.968361,57.902644000000000,100082,6,55720.2666172,818,14.661000000000000,21.429000000000000,27.803,2.95,3.425,0,131072,0,1,9672289,0.054203000000000000,57.899049000000000,25,25
55689.417207200000,14.661000000000000,0.026000000000000000,1000821060000957,233.96836400000000,57.902648000000000,1,0,1.530369E-07,172,171,158,14.641,0.0080000000000000000,14.672000000000000,14.672000000000000,14.645,14.643000000000000,0.17100000000000000,0.16900000000000000,10071870002085,233.968389,57.902649000000000,100082,6,55689.4185572,787,14.649000000000000,21.598000000000000,27.781,3.55,4.015,0,131072,0,1,10071870,0.054203000000000000,57.899049000000000,26,26
55716.281677200000,14.686000000000000,0.184000000000000000,1000821060000957,233.96836400000000,57.902648000000000,1,0,1.530369E-07,172,171,158,14.641,0.0080000000000000000,14.672000000000000,14.672000000000000,14.645,14.643000000000000,0.17100000000000000,0.16900000000000000,9637546001681,233.968360,57.902645000000000,100082,6,55716.2824672,814,15.022000000000000,21.306000000000000,27.650,3.05,3.485,0,131072,0,1,9637546,0.054203000000000000,57.899049000000000,27,27
55827.168167200000,14.369000000000000,0.035000000000000000,1000821060000957,233.96836400000000,57.902648000000000,1,0,1.530369E-07,172,171,158,14.641,0.0080000000000000000,14.672000000000000,14.672000000000000,14.645,14.643000000000000,0.17100000000000000,0.16900000000000000,10533841001887,233.968374,57.902661000000000,100082,6,55827.1665572,925,14.368000000000000,21.211000000000000,27.588,2.55,2.877,0,131072,0,1,10533841,0.054203000000000000,57.899049000000000,28,28
55826.168857200000,14.375000000000000,0.023000000000000000,1000821060000957,233.96836400000000,57.902648000000000,1,0,1.530369E-07,172,171,158,14.641,0.0080000000000000000,14.672000000000000,14.672000000000000,14.645,14.643000000000000,0.17100000000000000,0.16900000000000000,10528634001955,233.968358,57.902660000000000,100082,6,55826.1672372,924,14.386000000000000,21.336000000000000,27.681,2.45,2.794,0,131072,0,1,10528634,0.054203000000000000,57.899049000000000,29,29
54921.320367200000,14.906000000000000,0.026000000000000000,1000821060000957,233.96836400000000,57.902648000000000,1,0,1.530369E-07,172,171,158,14.641,0.0080000000000000000,14.672000000000000,14.672000000000000,14.645,14.643000000000000,0.17100000000000000,0.16900000000000000,12278858001867,233.968328,57.902653000000000,100082,6,54921.3220272,37,14.866000000000000,21.312000000000000,27.295,3.05,3.672,0,131072,0,1,12278858,0.054203000000000000,57.899049000000000,30,30
55566.512577200000,14.711000000000000,0.030000000000000000,1000821060000957,233.96836400000000,57.902648000000000,1,0,1.530369E-07,172,171,158,14.641,0.0080000000000000000,14.672000000000000,14.672000000000000,14.645,14.643000000000000,0.17100000000000000,0.16900000000000000,16556780001762,233.968369,57.902646000000000,100082,6,55566.5126672,663,14.699000000000000,21.279000000000000,27.784,3.85,4.341,0,131072,1,1,16556780,0.054203000000000000,57.899049000000000,31,31
54917.315187200000,14.897000000000000,0.044000000000000000,1000821060000957,233.96836400000000,57.902648000000000,1,0,1.530369E-07,172,171,158,14.641,0.0080000000000000000,14.672000000000000,14.672000000000000,14.645,14.643000000000000,0.17100000000000000,0.16900000000000000,12281055001619,233.968337,57.902643000000000,100082,6,54917.3168372,31,14.883000000000000,21.095000000000000,27.324,3.95,4.657,0,131072,0,1,12281055,0.054203000000000000,57.899049000000000,32,32
55798.201957200000,14.464000000000000,0.025000000000000000,1000821060000957,233.96836400000000,57.902648000000000,1,0,1.530369E-07,172,171,158,14.641,0.0080000000000000000,14.672000000000000,14.672000000000000,14.645,14.643000000000000,0.17100000000000000,0.16900000000000000,10393995002141,233.968382,57.902655000000000,100082,6,55798.2006872,896,14.472000000000000,21.543000000000000,27.672,2.35,2.678,0,131072,0,1,10393995,0.054203000000000000,57.899049000000000,33,33
55720.310687200000,14.691000000000000,0.027000000000000000,1000821060000957,233.96836400000000,57.902648000000000,1,0,1.530369E-07,172,171,158,14.641,0.0080000000000000000,14.672000000000000,14.672000000000000,14.645,14.643000000000000,0.17100000000000000,0.16900000000000000,9672245002540,233.968370,57.902646000000000,100082,6,55720.3113772,818,14.679000000000000,22.037000000000000,27.799,2.25,2.787,0,131072,0,1,9672245,0.054203000000000000,57.899049000000000,34,34
55795.155417200000,14.524000000000000,0.561000000000000000,1000821060000957,233.96836400000000,57.902648000000000,1,0,1.530369E-07,172,171,158,14.641,0.0080000000000000000,14.672000000000000,14.672000000000000,14.645,14.643000000000000,0.17100000000000000,0.16900000000000000,10391067001650,233.968361,57.902649000000000,100082,6,55795.1542072,893,13.633000000000000,20.081000000000000,26.431,2.65,2.871,0,131072,0,1,10391067,0.054203000000000000,57.899049000000000,35,35
54910.346577200000,14.925000000000000,0.051000000000000000,1000821060000957,233.96836400000000,57.902648000000000,1,0,1.530369E-07,172,171,158,14.641,0.0080000000000000000,14.672000000000000,14.672000000000000,14.645,14.643000000000000,0.17100000000000000,0.16900000000000000,12221501002415,233.968348,57.902649000000000,100082,6,54910.3481972,47,14.900000000000000,21.876000000000000,27.444,2.45,3.199,0,131072,0,1,12221501,0.054203000000000000,57.899049000000000,36,36
55655.205157200000,14.722000000000000,0.024000000000000000,1000821060000957,233.96836400000000,57.902648000000000,1,0,1.530369E-07,172,171,158,14.641,0.0080000000000000000,14.672000000000000,14.672000000000000,14.645,14.643000000000000,0.17100000000000000,0.16900000000000000,10024180001926,233.968314,57.902654000000000,100082,6,55655.2068172,753,14.668000000000000,21.232000000000000,27.636,3.05,3.570,0,131072,0,1,10024180,0.054203000000000000,57.899049000000000,37,37
55653.300657200000,14.740000000000000,0.169000000000000000,1000821060000957,233.96836400000000,57.902648000000000,1,0,1.530369E-07,172,171,158,14.641,0.0080000000000000000,14.672000000000000,14.672000000000000,14.645,14.643000000000000,0.17100000000000000,0.16900000000000000,10026125002369,233.968336,57.902651000000000,100082,6,55653.3023172,751,14.713000000000000,21.659000000000000,27.796,2.75,3.308,0,131072,0,1,10026125,0.054203000000000000,57.899049000000000,38,38
55806.185477200000,14.461000000000000,0.026000000000000000,1000821060000957,233.96836400000000,57.902648000000000,1,0,1.530369E-07,172,171,158,14.641,0.0080000000000000000,14.672000000000000,14.672000000000000,14.645,14.643000000000000,0.17100000000000000,0.16900000000000000,10486142002081,233.968382,57.902655000000000,100082,6,55806.1840772,904,14.470000000000000,21.477000000000000,27.723,2.55,2.901,0,131072,0,1,10486142,0.054203000000000000,57.899049000000000,39,39
55801.196987200000,14.463000000000000,0.028000000000000000,1000821060000957,233.96836400000000,57.902648000000000,1,0,1.530369E-07,172,171,158,14.641,0.0080000000000000000,14.672000000000000,14.672000000000000,14.645,14.643000000000000,0.17100000000000000,0.16900000000000000,10422464002095,233.968364,57.902646000000000,100082,6,55801.1956772,899,14.475000000000000,21.517000000000000,27.625,2.25,2.625,0,131072,0,1,10422464,0.054203000000000000,57.899049000000000,40,40
54975.464997200000,14.787000000000000,0.029000000000000000,1000821060000957,233.96836400000000,57.902648000000000,1,0,1.530369E-07,172,171,158,14.641,0.0080000000000000000,14.672000000000000,14.672000000000000,14.645,14.643000000000000,0.17100000000000000,0.16900000000000000,12108943002304,233.968396,57.902648000000000,100082,6,54975.4660272,94,14.765000000000000,21.646000000000000,27.347,2.55,3.077,0,131072,0,1,12108943,0.054203000000000000,57.899049000000000,41,41
55832.117317200000,14.393000000000000,0.028000000000000000,1000821060000957,233.96836400000000,57.902648000000000,1,0,1.530369E-07,172,171,158,14.641,0.0080000000000000000,14.672000000000000,14.672000000000000,14.645,14.643000000000000,0.17100000000000000,0.16900000000000000,10561571001881,233.968380,57.902647000000000,100082,6,55832.1156772,930,14.416000000000000,21.264000000000000,27.712,2.75,3.182,0,131072,0,1,10561571,0.054203000000000000,57.899049000000000,42,42
55832.161087200000,14.393000000000000,0.028000000000000000,1000821060000957,233.96836400000000,57.902648000000000,1,0,1.530369E-07,172,171,158,14.641,0.0080000000000000000,14.672000000000000,14.672000000000000,14.645,14.643000000000000,0.17100000000000000,0.16900000000000000,10561540001880,233.968382,57.902656000000000,100082,6,55832.1594472,930,14.405000000000000,21.163000000000000,27.640,2.95,3.371,0,131072,0,1,10561540,0.054203000000000000,57.899049000000000,43,43
55650.319777200000,14.724000000000000,0.116000000000000000,1000821060000957,233.96836400000000,57.902648000000000,1,0,1.530369E-07,172,171,158,14.641,0.0080000000000000000,14.672000000000000,14.672000000000000,14.645,14.643000000000000,0.17100000000000000,0.16900000000000000,9998773001238,233.968359,57.902648000000000,100082,6,55650.3214372,748,15.340000000000000,21.158000000000000,27.610,3.05,3.773,0,131072,0,1,9998773,0.054203000000000000,57.899049000000000,44,44
55657.195397200000,14.635000000000000,0.182000000000000000,1000821060000957,233.96836400000000,57.902648000000000,1,0,1.530369E-07,172,171,158,14.641,0.0080000000000000000,14.672000000000000,14.672000000000000,14.645,14.643000000000000,0.17100000000000000,0.16900000000000000,12905268001443,233.968346,57.902653000000000,100082,6,55657.1970472,755,14.598000000000000,20.739000000000000,27.603,4.55,5.005,0,131072,1,1,12905268,0.054203000000000000,57.899049000000000,45,45
55804.142787200000,14.455000000000000,0.026000000000000000,1000821060000957,233.96836400000000,57.902648000000000,1,0,1.530369E-07,172,171,158,14.641,0.0080000000000000000,14.672000000000000,14.672000000000000,14.645,14.643000000000000,0.17100000000000000,0.16900000000000000,10461323002095,233.968357,57.902646000000000,100082,6,55804.1414272,902,14.470000000000000,21.491000000000000,27.778,2.35,2.638,0,131072,0,1,10461323,0.054203000000000000,57.899049000000000,46,46
55689.373267200000,14.672000000000000,0.026000000000000000,1000821060000957,233.96836400000000,57.902648000000000,1,0,1.530369E-07,172,171,158,14.641,0.0080000000000000000,14.672000000000000,14.672000000000000,14.645,14.643000000000000,0.17100000000000000,0.16900000000000000,10071786002159,233.968383,57.902647000000000,100082,6,55689.3746072,787,14.658000000000000,21.546000000000000,27.791,3.85,4.282,0,131072,0,1,10071786,0.054203000000000000,57.899049000000000,47,47
55624.455717200000,14.584000000000000,0.082000000000000000,1000821060000957,233.96836400000000,57.902648000000000,1,0,1.530369E-07,172,171,158,14.641,0.0080000000000000000,14.672000000000000,14.672000000000000,14.645,14.643000000000000,0.17100000000000000,0.16900000000000000,9922463001690,233.968374,57.902644000000000,100082,6,55624.4571772,722,14.597000000000000,21.228000000000000,27.714,4.25,4.782,0,131072,0,1,9922463,0.054203000000000000,57.899049000000000,48,48
55835.108347200000,14.415000000000000,0.033000000000000000,1000821060000957,233.96836400000000,57.902648000000000,1,0,1.530369E-07,172,171,158,14.641,0.0080000000000000000,14.672000000000000,14.672000000000000,14.645,14.643000000000000,0.17100000000000000,0.16900000000000000,10592435001683,233.968372,57.902656000000000,100082,6,55835.1066972,933,14.410000000000000,21.007000000000000,27.640,2.25,2.616,0,131072,0,1,10592435,0.054203000000000000,57.899049000000000,49,49
55800.252167200000,14.489000000000000,0.166000000000000000,1000821060000957,233.96836400000000,57.902648000000000,1,0,1.530369E-07,172,171,158,14.641,0.0080000000000000000,14.672000000000000,14.672000000000000,14.645,14.643000000000000,0.17100000000000000,0.16900000000000000,10407272001999,233.968363,57.902652000000000,100082,6,55800.2508672,898,14.460000000000000,21.255000000000000,27.493,2.25,2.706,0,131072,0,1,10407272,0.054203000000000000,57.899049000000000,50,50
55802.145687200000,14.469000000000000,0.023000000000000000,1000821060000957,233.96836400000000,57.902648000000000,1,0,1.530369E-07,172,171,158,14.641,0.0080000000000000000,14.672000000000000,14.672000000000000,14.645,14.643000000000000,0.17100000000000000,0.16900000000000000,10465839002120,233.968366,57.902645000000000,100082,6,55802.1443472,900,14.485000000000000,21.492000000000000,27.679,2.25,2.606,0,131072,0,1,10465839,0.054203000000000000,57.899049000000000,51,51
55719.306767200000,14.672000000000000,0.022000000000000000,1000821060000957,233.96836400000000,57.902648000000000,1,0,1.530369E-07,172,171,158,14.641,0.0080000000000000000,14.672000000000000,14.672000000000000,14.645,14.643000000000000,0.17100000000000000,0.16900000000000000,9673683002269,233.968366,57.902649000000000,100082,6,55719.3074872,817,14.667000000000000,21.619000000000000,27.832,3.15,3.492,0,131072,0,1,9673683,0.054203000000000000,57.899049000000000,52,52
54922.428427200000,14.885000000000000,0.354000000000000000,1000821060000957,233.96836400000000,57.902648000000000,1,0,1.530369E-07,172,171,158,14.641,0.0080000000000000000,14.672000000000000,14.672000000000000,14.645,14.643000000000000,0.17100000000000000,0.16900000000000000,12127171001966,233.968364,57.902647000000000,100082,6,54922.4300772,41,14.606000000000000,21.253000000000000,27.165,3.15,3.774,0,131072,0,1,12127171,0.054203000000000000,57.899049000000000,53,53
55656.233967200000,14.706000000000000,0.023000000000000000,1000821060000957,233.96836400000000,57.902648000000000,1,0,1.530369E-07,172,171,158,14.641,0.0080000000000000000,14.672000000000000,14.672000000000000,14.645,14.643000000000000,0.17100000000000000,0.16900000000000000,10021798002018,233.968326,57.902647000000000,100082,6,55656.2356272,754,14.693000000000000,21.359000000000000,27.717,2.95,3.543,0,131072,0,1,10021798,0.054203000000000000,57.899049000000000,54,54
55662.444737200000,14.637000000000000,0.068000000000000000,1000821060000957,233.96836400000000,57.902648000000000,1,0,1.530369E-07,172,171,158,14.641,0.0080000000000000000,14.672000000000000,14.672000000000000,14.645,14.643000000000000,0.17100000000000000,0.16900000000000000,10034626001927,233.968371,57.902651000000000,100082,6,55662.4463672,760,14.605000000000000,21.293000000000000,27.794,4.25,4.645,0,131072,0,1,10034626,0.054203000000000000,57.899049000000000,55,55
55826.124367200000,14.359000000000000,0.023000000000000000,1000821060000957,233.96836400000000,57.902648000000000,1,0,1.530369E-07,172,171,158,14.641,0.0080000000000000000,14.672000000000000,14.672000000000000,14.645,14.643000000000000,0.17100000000000000,0.16900000000000000,10528468002021,233.968374,57.902656000000000,100082,6,55826.1227472,924,14.362000000000000,21.408000000000000,27.723,2.45,2.815,0,131072,0,1,10528468,0.054203000000000000,57.899049000000000,56,56
54910.451457200000,14.927000000000000,0.051000000000000000,1000821060000957,233.96836400000000,57.902648000000000,1,0,1.530369E-07,172,171,158,14.641,0.0080000000000000000,14.672000000000000,14.672000000000000,14.645,14.643000000000000,0.17100000000000000,0.16900000000000000,12221586002344,233.968364,57.902648000000000,100082,6,54910.4530772,47,14.929000000000000,21.832000000000000,27.490,2.45,2.972,0,131072,0,1,12221586,0.054203000000000000,57.899049000000000,57,57
55632.307117200000,14.598000000000000,0.091000000000000000,1000821060000957,233.96836400000000,57.902648000000000,1,0,1.530369E-07,172,171,158,14.641,0.0080000000000000000,14.672000000000000,14.672000000000000,14.645,14.643000000000000,0.17100000000000000,0.16900000000000000,9966745001587,233.968314,57.902647000000000,100082,6,55632.3086772,730,14.524000000000000,20.807000000000000,27.669,3.85,4.364,0,131072,0,1,9966745,0.054203000000000000,57.899049000000000,58,58
54975.487067200000,14.883000000000000,0.029000000000000000,1000821060000957,233.96836400000000,57.902648000000000,1,0,1.530369E-07,172,171,158,14.641,0.0080000000000000000,14.672000000000000,14.672000000000000,14.645,14.643000000000000,0.17100000000000000,0.16900000000000000,12108796001122,233.968383,57.902646000000000,100082,6,54975.4880972,94,14.853000000000000,20.103000000000000,27.330,2.55,2.865,0,131074,0,1,12108796,0.054203000000000000,57.899049000000000,59,59
54921.241437200000,14.913000000000000,0.027000000000000000,1000821060000957,233.96836400000000,57.902648000000000,1,0,1.530369E-07,172,171,158,14.641,0.0080000000000000000,14.672000000000000,14.672000000000000,14.645,14.643000000000000,0.17100000000000000,0.16900000000000000,12278814001492,233.968343,57.902648000000000,100082,6,54921.2430872,37,14.869000000000000,20.736000000000000,27.150,3.35,4.082,0,131072,0,1,12278814,0.054203000000000000,57.899049000000000,60,60
55630.334167200000,14.620000000000000,0.042000000000000000,1000821060000957,233.96836400000000,57.902648000000000,1,0,1.530369E-07,172,171,158,14.641,0.0080000000000000000,14.672000000000000,14.672000000000000,14.645,14.643000000000000,0.17100000000000000,0.16900000000000000,9940597001949,233.968308,57.902646000000000,100082,6,55630.3356972,728,14.589000000000000,21.339000000000000,27.692,2.95,3.479,0,131072,0,1,9940597,0.054203000000000000,57.899049000000000,61,61
55712.284307200000,14.632000000000000,0.020000000000000000,1000821060000957,233.96836400000000,57.902648000000000,1,0,1.530369E-07,172,171,158,14.641,0.0080000000000000000,14.672000000000000,14.672000000000000,14.645,14.643000000000000,0.17100000000000000,0.16900000000000000,9622070002490,233.968352,57.902647000000000,100082,6,55712.2851872,810,14.625000000000000,21.833000000000000,27.800,2.45,2.884,0,131072,0,1,9622070,0.054203000000000000,57.899049000000000,62,62
55687.395917200000,14.693000000000000,0.024000000000000000,1000821060000957,233.96836400000000,57.902648000000000,1,0,1.530369E-07,172,171,158,14.641,0.0080000000000000000,14.672000000000000,14.672000000000000,14.645,14.643000000000000,0.17100000000000000,0.16900000000000000,14305364002251,233.968360,57.902647000000000,100082,6,55687.3972872,785,14.682000000000000,21.484000000000000,27.705,2.65,3.165,0,131072,1,1,14305364,0.054203000000000000,57.899049000000000,63,63
55716.325197200000,14.652000000000000,0.184000000000000000,1000821060000957,233.96836400000000,57.902648000000000,1,0,1.530369E-07,172,171,158,14.641,0.0080000000000000000,14.672000000000000,14.672000000000000,14.645,14.643000000000000,0.17100000000000000,0.16900000000000000,9637456002221,233.968362,57.902650000000000,100082,6,55716.3259872,814,14.516000000000000,21.507000000000000,27.662,3.05,3.433,0,131072,0,1,9637456,0.054203000000000000,57.899049000000000,64,64
55805.187057200000,14.448000000000000,0.027000000000000000,1000821060000957,233.96836400000000,57.902648000000000,1,0,1.530369E-07,172,171,158,14.641,0.0080000000000000000,14.672000000000000,14.672000000000000,14.645,14.643000000000000,0.17100000000000000,0.16900000000000000,10455950001987,233.968372,57.902650000000000,100082,6,55805.1856772,903,14.457000000000000,21.427000000000000,27.710,2.65,3.011,0,131072,0,1,10455950,0.054203000000000000,57.899049000000000,65,65
55808.141907200000,14.474000000000000,0.104000000000000000,1000821060000957,233.96836400000000,57.902648000000000,1,0,1.530369E-07,172,171,158,14.641,0.0080000000000000000,14.672000000000000,14.672000000000000,14.645,14.643000000000000,0.17100000000000000,0.16900000000000000,10481740001843,233.968345,57.902650000000000,100082,6,55808.1404872,906,14.486000000000000,21.114000000000000,27.649,2.35,2.768,0,131072,0,1,10481740,0.054203000000000000,57.899049000000000,66,66
55807.191657200000,14.211000000000000,0.054000000000000000,1000821060000957,233.96836400000000,57.902648000000000,1,0,1.530369E-07,172,171,158,14.641,0.0080000000000000000,14.672000000000000,14.672000000000000,14.645,14.643000000000000,0.17100000000000000,0.16900000000000000,10484179000996,233.968380,57.902652000000000,100082,6,55807.1902472,905,15.487000000000000,21.095000000000000,27.649,2.45,2.799,0,131072,0,1,10484179,0.054203000000000000,57.899049000000000,67,67
55650.240837200000,14.757000000000000,0.116000000000000000,1000821060000957,233.96836400000000,57.902648000000000,1,0,1.530369E-07,172,171,158,14.641,0.0080000000000000000,14.672000000000000,14.672000000000000,14.645,14.643000000000000,0.17100000000000000,0.16900000000000000,9998695001177,233.968316,57.902657000000000,100082,6,55650.2424872,748,15.348000000000000,20.876000000000000,27.414,2.85,3.463,0,131072,0,1,9998695,0.054203000000000000,57.899049000000000,68,68
55798.158967200000,14.458000000000000,0.025000000000000000,1000821060000957,233.96836400000000,57.902648000000000,1,0,1.530369E-07,172,171,158,14.641,0.0080000000000000000,14.672000000000000,14.672000000000000,14.645,14.643000000000000,0.17100000000000000,0.16900000000000000,10394039002237,233.968369,57.902653000000000,100082,6,55798.1577072,896,14.468000000000000,21.672000000000000,27.704,2.25,2.634,0,131072,0,1,10394039,0.054203000000000000,57.899049000000000,69,69
55628.509047200000,14.545000000000000,0.218000000000000000,1000821060000957,233.96836400000000,57.902648000000000,1,0,1.530369E-07,172,171,158,14.641,0.0080000000000000000,14.672000000000000,14.672000000000000,14.645,14.643000000000000,0.17100000000000000,0.16900000000000000,9937586001184,233.968412,57.902643000000000,100082,6,55628.5105572,726,14.529000000000000,20.381000000000000,27.224,4.75,5.304,0,131072,0,1,9937586,0.054203000000000000,57.899049000000000,70,70
55717.270937200000,14.667000000000000,0.023000000000000000,1000821060000957,233.96836400000000,57.902648000000000,1,0,1.530369E-07,172,171,158,14.641,0.0080000000000000000,14.672000000000000,14.672000000000000,14.645,14.643000000000000,0.17100000000000000,0.16900000000000000,10663171002494,233.968355,57.902648000000000,100082,6,55717.2717072,815,14.664000000000000,21.893000000000000,27.844,2.35,2.730,0,131072,1,1,10663171,0.054203000000000000,57.899049000000000,71,71
55715.329167200000,14.676000000000000,0.094000000000000000,1000821060000957,233.96836400000000,57.902648000000000,1,0,1.530369E-07,172,171,158,14.641,0.0080000000000000000,14.672000000000000,14.672000000000000,14.645,14.643000000000000,0.17100000000000000,0.16900000000000000,9639865002314,233.968362,57.902662000000000,100082,6,55715.3299772,813,14.692000000000000,21.734000000000000,27.803,2.65,3.201,0,131072,0,1,9639865,0.054203000000000000,57.899049000000000,72,72
55655.295327200000,14.681000000000000,0.024000000000000000,1000821060000957,233.96836400000000,57.902648000000000,1,0,1.530369E-07,172,171,158,14.641,0.0080000000000000000,14.672000000000000,14.672000000000000,14.645,14.643000000000000,0.17100000000000000,0.16900000000000000,10024195001907,233.968322,57.902637000000000,100082,6,55655.2969772,753,14.674000000000000,21.444000000000000,27.780,3.55,4.071,0,131072,0,1,10024195,0.054203000000000000,57.899049000000000,73,73
55796.179937200000,14.467000000000000,0.024000000000000000,1000821060000957,233.96836400000000,57.902648000000000,1,0,1.530369E-07,172,171,158,14.641,0.0080000000000000000,14.672000000000000,14.672000000000000,14.645,14.643000000000000,0.17100000000000000,0.16900000000000000,10398734002206,233.968371,57.902649000000000,100082,6,55796.1787172,894,14.467000000000000,21.692000000000000,27.735,2.25,2.572,0,131072,0,1,10398734,0.054203000000000000,57.899049000000000,74,74
55719.350767200000,14.672000000000000,0.022000000000000000,1000821060000957,233.96836400000000,57.902648000000000,1,0,1.530369E-07,172,171,158,14.641,0.0080000000000000000,14.672000000000000,14.672000000000000,14.645,14.643000000000000,0.17100000000000000,0.16900000000000000,9673632002235,233.968374,57.902648000000000,100082,6,55719.3514772,817,14.667000000000000,21.579000000000000,27.819,3.15,3.636,0,131072,0,1,9673632,0.054203000000000000,57.899049000000000,75,75
55803.144377200000,14.453000000000000,0.024000000000000000,1000821060000957,233.96836400000000,57.902648000000000,1,0,1.530369E-07,172,171,158,14.641,0.0080000000000000000,14.672000000000000,14.672000000000000,14.645,14.643000000000000,0.17100000000000000,0.16900000000000000,10463735002130,233.968345,57.902651000000000,100082,6,55803.1430272,901,14.457000000000000,21.525000000000000,27.737,2.25,2.693,0,131072,0,1,10463735,0.054203000000000000,57.899049000000000,76,76
54975.245477200000,14.780000000000000,0.029000000000000000,1000821060000957,233.96836400000000,57.902648000000000,1,0,1.530369E-07,172,171,158,14.641,0.0080000000000000000,14.672000000000000,14.672000000000000,14.645,14.643000000000000,0.17100000000000000,0.16900000000000000,12108808002428,233.968362,57.902641000000000,100082,6,54975.2465072,94,14.743000000000000,21.771000000000000,27.395,2.45,3.020,0,131072,0,1,12108808,0.054203000000000000,57.899049000000000,77,77
54975.360337200000,14.770000000000000,0.029000000000000000,1000821060000957,233.96836400000000,57.902648000000000,1,0,1.530369E-07,172,171,158,14.641,0.0080000000000000000,14.672000000000000,14.672000000000000,14.645,14.643000000000000,0.17100000000000000,0.16900000000000000,12108841002368,233.968374,57.902642000000000,100082,6,54975.3613672,94,14.740000000000000,21.695000000000000,27.387,2.75,3.243,0,131072,0,1,12108841,0.054203000000000000,57.899049000000000,78,78
54975.438267200000,14.792000000000000,0.029000000000000000,1000821060000957,233.96836400000000,57.902648000000000,1,0,1.530369E-07,172,171,158,14.641,0.0080000000000000000,14.672000000000000,14.672000000000000,14.645,14.643000000000000,0.17100000000000000,0.16900000000000000,12108895002537,233.968397,57.902643000000000,100082,6,54975.4392872,94,14.758000000000000,21.758000000000000,27.362,2.55,3.027,0,131072,0,1,12108895,0.054203000000000000,57.899049000000000,79,79
55653.344777200000,14.750000000000000,0.169000000000000000,1000821060000957,233.96836400000000,57.902648000000000,1,0,1.530369E-07,172,171,158,14.641,0.0080000000000000000,14.672000000000000,14.672000000000000,14.645,14.643000000000000,0.17100000000000000,0.16900000000000000,10026066002417,233.968343,57.902648000000000,100082,6,55653.3464372,751,14.712000000000000,21.704000000000000,27.745,2.55,3.041,0,131072,0,1,10026066,0.054203000000000000,57.899049000000000,80,80
55801.153567200000,14.465000000000000,0.028000000000000000,1000821060000957,233.96836400000000,57.902648000000000,1,0,1.530369E-07,172,171,158,14.641,0.0080000000000000000,14.672000000000000,14.672000000000000,14.645,14.643000000000000,0.17100000000000000,0.16900000000000000,10422531002154,233.968362,57.902649000000000,100082,6,55801.1522472,899,14.482000000000000,21.553000000000000,27.662,2.35,2.715,0,131072,0,1,10422531,0.054203000000000000,57.899049000000000,81,81
55715.285197200000,14.678000000000000,0.094000000000000000,1000821060000957,233.96836400000000,57.902648000000000,1,0,1.530369E-07,172,171,158,14.641,0.0080000000000000000,14.672000000000000,14.672000000000000,14.645,14.643000000000000,0.17100000000000000,0.16900000000000000,9639733002384,233.968355,57.902647000000000,100082,6,55715.2860072,813,14.636000000000000,21.724000000000000,27.746,2.55,3.082,0,131072,0,1,9639733,0.054203000000000000,57.899049000000000,82,82
55802.188877200000,14.465000000000000,0.023000000000000000,1000821060000957,233.96836400000000,57.902648000000000,1,0,1.530369E-07,172,171,158,14.641,0.0080000000000000000,14.672000000000000,14.672000000000000,14.645,14.643000000000000,0.17100000000000000,0.16900000000000000,10465990002177,233.968375,57.902639000000000,100082,6,55802.1875472,900,14.479000000000000,21.579000000000000,27.645,2.25,2.572,0,131072,0,1,10465990,0.054203000000000000,57.899049000000000,83,83
54918.405707200000,14.922000000000000,0.023000000000000000,1000821060000957,233.96836400000000,57.902648000000000,1,0,1.530369E-07,172,171,158,14.641,0.0080000000000000000,14.672000000000000,14.672000000000000,14.645,14.643000000000000,0.17100000000000000,0.16900000000000000,12282281002129,233.968361,57.902642000000000,100082,6,54918.4073572,30,14.905000000000000,21.593000000000000,27.447,2.85,3.580,0,131072,0,1,12282281,0.054203000000000000,57.899049000000000,84,84
55649.263167200000,14.708000000000000,0.026000000000000000,1000821060000957,233.96836400000000,57.902648000000000,1,0,1.530369E-07,172,171,158,14.641,0.0080000000000000000,14.672000000000000,14.672000000000000,14.645,14.643000000000000,0.17100000000000000,0.16900000000000000,9989650002250,233.968300,57.902655000000000,100082,6,55649.2648272,747,14.660000000000000,21.651000000000000,27.658,2.55,3.066,0,131072,0,1,9989650,0.054203000000000000,57.899049000000000,85,85
55714.300567200000,14.643000000000000,0.026000000000000000,1000821060000957,233.96836400000000,57.902648000000000,1,0,1.530369E-07,172,171,158,14.641,0.0080000000000000000,14.672000000000000,14.672000000000000,14.645,14.643000000000000,0.17100000000000000,0.16900000000000000,9636284002199,233.968362,57.902653000000000,100082,6,55714.3014072,812,14.628000000000000,21.660000000000000,27.790,2.85,3.281,0,131072,0,1,9636284,0.054203000000000000,57.899049000000000,86,86
55656.277207200000,14.710000000000000,0.023000000000000000,1000821060000957,233.96836400000000,57.902648000000000,1,0,1.530369E-07,172,171,158,14.641,0.0080000000000000000,14.672000000000000,14.672000000000000,14.645,14.643000000000000,0.17100000000000000,0.16900000000000000,10021867002281,233.968323,57.902648000000000,100082,6,55656.2788672,754,14.694000000000000,21.585000000000000,27.777,2.75,3.155,0,131072,0,1,10021867,0.054203000000000000,57.899049000000000,87,87
55803.188077200000,14.460000000000000,0.024000000000000000,1000821060000957,233.96836400000000,57.902648000000000,1,0,1.530369E-07,172,171,158,14.641,0.0080000000000000000,14.672000000000000,14.672000000000000,14.645,14.643000000000000,0.17100000000000000,0.16900000000000000,10463729002221,233.968366,57.902649000000000,100082,6,55803.1867272,901,14.464000000000000,21.624000000000000,27.705,2.25,2.547,0,131072,0,1,10463729,0.054203000000000000,57.899049000000000,88,88
54915.259677200000,14.966000000000000,0.022000000000000000,1000821060000957,233.96836400000000,57.902648000000000,1,0,1.530369E-07,172,171,158,14.641,0.0080000000000000000,14.672000000000000,14.672000000000000,14.645,14.643000000000000,0.17100000000000000,0.16900000000000000,12368625001873,233.968340,57.902650000000000,100082,6,54915.2613172,49,14.941000000000000,21.221000000000000,27.258,2.75,3.512,0,131072,0,1,12368625,0.054203000000000000,57.899049000000000,89,89
55795.224187200000,14.670000000000000,0.561000000000000000,1000821060000957,233.96836400000000,57.902648000000000,1,0,1.530369E-07,172,171,158,14.641,0.0080000000000000000,14.672000000000000,14.672000000000000,14.645,14.643000000000000,0.17100000000000000,0.16900000000000000,10391178000674,233.968417,57.902637000000000,100082,6,55795.2229772,893,16.181000000000000,20.344000000000000,26.791,2.25,2.611,0,131072,0,1,10391178,0.054203000000000000,57.899049000000000,90,90
